ID,名称,★,レアリティ,状態,ダンジョン,入手区分,部位,武器種,ATK,MAG_ATK,DEF,MDEF,基礎能力補正,特殊効果,シリーズ,推奨JOB,説明
goblinEarring,ゴブリンの耳飾り,,epic,現行,,,accessory,,0,0,0,0,"{""agi"":2,""luk"":2}",,,,ゴブリンの首領が着けていたという耳飾り。微かな加護が宿る。
manaStone,マナストーン,,rare,旧装備,,,accessory,,0,0,0,0,,,,,マナの結晶を加工した護石。MPと魔力が増大する。
shadowAmulet,影の護符,,rare,旧装備,,,accessory,,0,0,0,0,,,,,影の力が宿った護符。守りと精神を底上げする。
phantomBadge,怪盗バッジ,,epic,旧装備,,,accessory,,0,0,0,0,,,,,怪盗の証。すべての能力をまんべんなく高める万能の証。
silverRing,銀の指輪,,common,旧装備,,,accessory,,0,0,0,0,,,,,磨かれた銀の指輪。運と体力を引き上げる。
moonlightCharm,月光の護符,,rare,旧装備,,,accessory,,0,0,0,0,,"{""healingPowerPercent"":0.08,""magicDamageReductionPercent"":0.03}",,,月光を編み込んだ護符。
rubyMagicStone,紅玉の魔石,,uncommon,旧装備,,,accessory,,0,0,0,0,,"{""fireDamagePercent"":0.05}",,,炎の魔力を増幅する紅い魔石。
infernoStone,獄炎の魔石,,rare,旧装備,,,accessory,,0,0,0,0,,"{""fireDamagePercent"":0.08}",,,獄炎の芯を宿した魔石。
cursedNecklace,呪われた首飾り,,epic,現行,,,accessory,,0,0,0,0,"{""mag"":3,""luk"":-1}",,,,呪いを宿す首飾り。身につける者に力を与えるという。
shuraMagatama,修羅の勾玉,,rare,旧装備,,,accessory,,0,0,0,0,,"{""criticalRateBonus"":0.05}",,,修羅の血が滲む勾玉。
silverCharm,聖銀の護符,,uncommon,旧装備,,,accessory,,0,0,0,0,,"{""healingPowerPercent"":0.05}",,,聖銀で編まれた癒やしの護符。
warDemonFang,戦鬼の牙,,rare,旧装備,,,accessory,,0,0,0,0,,"{""physicalDamagePercent"":0.06}",,,戦いの鬼が遺した牙。
fangOfWill,闘志の牙,,uncommon,旧装備,,,accessory,,0,0,0,0,,"{""physicalDamagePercent"":0.03}",,,噛み締めるほど力が湧く獣の牙。
tigerFang,猛虎の牙,,uncommon,旧装備,,,accessory,,0,0,0,0,,"{""criticalRateBonus"":0.03}",,,急所を見抜く猛虎の牙。
leatherGloves,レザーグローブ,,common,旧装備,,,arms,,0,0,0,0,,,,,薄い革を二重に縫い合わせたグローブ。器用さと防御を両立。
phantomGloves,怪盗グローブ,,epic,旧装備,,,arms,,0,0,0,0,,,,,怪盗御用達の精密グローブ。器用さと機動力を同時に引き上げる。
mightGauntlet,剛腕の篭手,,uncommon,旧装備,,,arms,,4,0,2,0,,,,,腕力を底上げする鋼の篭手。
mercyBangle,慈愛の腕輪,,rare,旧装備,,,arms,,0,0,0,5,,"{""healingPowerPercent"":0.07}",,,慈しみの力を増幅する腕輪。
galeTekko,疾風の手甲,,uncommon,旧装備,,,arms,,2,0,2,0,,"{""criticalRateBonus"":0.02}",,,急所を突く精度を高める手甲。
blazeBangle,灼熱の腕輪,,rare,旧装備,,,arms,,0,7,0,0,,"{""fireDamagePercent"":0.03}",,,炎を握り込む灼熱の腕輪。
roughGloves,粗削りグローブ,,common,旧装備,,,arms,,0,0,0,0,,,,,鼠の毛皮を丸めて作ったグローブ。器用さが微増する。
crushGauntlet,破砕の篭手,,rare,旧装備,,,arms,,7,0,3,0,,"{""physicalDamagePercent"":0.02}",,,打撃を砕く力を宿す篭手。
magicGloves,魔導グローブ,,rare,旧装備,,,arms,,0,0,0,0,,,,,指先に魔法陣が刻まれた手袋。魔力の流れを強化する。
arcaneBangle,魔導の腕輪,,uncommon,旧装備,,,arms,,0,4,0,0,,,,,詠唱を支える魔力の腕輪。
healingBangle,癒しの腕輪,,uncommon,旧装備,,,arms,,0,0,0,3,,"{""healingPowerPercent"":0.05}",,,癒やしの術を増幅する腕輪。
rasetsuTekko,羅刹の手甲,,rare,旧装備,,,arms,,4,0,3,0,,"{""criticalRateBonus"":0.03}",,,急所を抉る羅刹の手甲。
tatterCoat,ボロのコート,,common,旧装備,,,body,,0,0,0,0,,,,,ダンジョンで拾った使い古しのコート。防御にはなる。
leatherVest,レザーベスト,,common,旧装備,,,body,,0,0,0,0,,,,,鼠革を重ねて縫ったベスト。頑丈な作りが防御を高める。
wisdomRobe,叡智のローブ,,uncommon,旧装備,,,body,,0,5,3,6,,,,,術者の思考を澄ませるローブ。
shadowMantle,影のマント,,rare,旧装備,,,body,,0,0,0,0,,,,,影の力を宿した漆黒のマント。物理・精神双方を守る。
phantomSuit,怪盗スーツ,,epic,旧装備,,,body,,0,0,0,0,,,,,怪盗仕様の強化スーツ。機動性も守備力も高水準を誇る。
prayerVestment,祈祷の法衣,,uncommon,旧装備,,,body,,0,0,5,8,,,,,身を守り、心を鎮める法衣。
moonVestment,月祈の法衣,,rare,旧装備,,,body,,0,6,9,14,,,,,月へ祈りを捧げる法衣。
fistGi,拳闘の胴衣,,uncommon,旧装備,,,body,,0,0,7,0,,,,,動きを妨げない軽い胴衣。
shadowGi,黒影の闘衣,,rare,旧装備,,,body,,12,0,12,0,,,,,影に紛れる薄い闘衣。
kurogane_armor,黒鉄の戦装,,uncommon,旧装備,,,body,,0,0,12,0,,,,,前線で怪異を受け止めるための重装。
blackWolfArmor,黒狼の重装,,rare,旧装備,,,body,,11,0,22,0,,,,,静寂の楽殿を歩くための重装甲。
purgatoryRobe,煉獄のローブ,,rare,旧装備,,,body,,0,9,5,10,,,,,煉獄の熱を纏うローブ。
phantomBoots,怪盗ブーツ,,epic,旧装備,,,feet,,0,0,0,0,,,,,怪盗専用の高機動ブーツ。走破力と精密さを兼ね備える。
lightBoots,軽靴,,common,旧装備,,,feet,,0,0,0,0,,,,,軽量素材で作られた靴。素早さが増す。
lightGreaves,軽身の脚甲,,uncommon,旧装備,,,feet,,0,0,2,0,,,,,踏み込みを速くする軽量の脚甲。
kuroganeBoots,黒鉄の軍靴,,rare,旧装備,,,feet,,0,0,8,0,,,,,揺るがぬ足場を作る軍靴。
swiftBoots,疾走ブーツ,,rare,旧装備,,,feet,,0,0,0,0,,,,,盗まれた硬貨の呪力を宿したブーツ。足取りが格段に軽くなる。
flashGreaves,瞬脚の具足,,rare,旧装備,,,feet,,0,0,4,0,,,,,瞬きの間に間合いを詰める具足。
pilgrimShoes,巡礼の靴,,uncommon,旧装備,,,feet,,0,0,2,3,,,,,長い巡礼にも耐える丈夫な靴。
stargazeShoes,星詠みの靴,,uncommon,旧装備,,,feet,,0,0,0,2,,,,,星の巡りを踏むように歩く靴。
starfireShoes,星火の魔導靴,,rare,旧装備,,,feet,,0,4,0,3,,,,,星の火を踏んで進む魔導靴。
sacredShoes,聖巡の靴,,rare,旧装備,,,feet,,0,0,4,6,,,,,聖地を巡るための靴。
roughBoots,粗削りブーツ,,common,旧装備,,,feet,,0,0,0,0,,,,,鼠の皮で作った簡素なブーツ。素足よりは速い。
ironKnightBoots,鉄騎のブーツ,,uncommon,旧装備,,,feet,,0,0,5,0,,,,,踏ん張りの利く鉄板入りの靴。
shadowCap,シャドウキャップ,,common,旧装備,,,head,,0,0,0,0,,,,,影の素材を編み込んだ帽子。魔力も身も守る。
phantomMask,怪盗仮面,,epic,旧装備,,,head,,0,0,0,0,,,,,怪盗の象徴となる黒い仮面。着けるだけで身が引き締まる。
moonCrown,月白の聖冠,,rare,旧装備,,,head,,0,4,0,9,,,,,月の加護を宿す聖冠。
kurogane_helm,黒鉄の額当て,,uncommon,旧装備,,,head,,0,0,6,0,,,,,額を守る黒鉄の当て金。
blackWolfHelm,黒狼の兜,,rare,旧装備,,,head,,6,0,11,0,,,,,狼の意匠を刻んだ重厚な兜。
galeHeadband,疾風の鉢巻,,uncommon,旧装備,,,head,,0,0,2,0,,,,,風を切って走るための鉢巻。
crimsonHat,深紅の魔導帽,,rare,旧装備,,,head,,0,7,0,5,,,,,炎の魔力を束ねる深紅の帽子。
roughHood,粗削りフード,,common,旧装備,,,head,,0,0,0,0,,,,,廃材をつなぎ合わせた粗い頭巾。ないよりはまし。
prayerHat,白祈の帽子,,uncommon,旧装備,,,head,,0,0,0,5,,,,,祈りを絶やさぬ白い帽子。
arcaneHood,魔導のフード,,uncommon,旧装備,,,head,,0,4,0,3,,,,,魔力の流れを整えるフード。
arcaneHat,魔導士の帽子,,rare,旧装備,,,head,,0,0,0,0,,,,,魔導系の紋様が刻まれた帽子。精神力と魔力を高める。
yashaHeadband,夜叉の鉢巻,,rare,旧装備,,,head,,6,0,4,0,,,,,闘志を研ぎ澄ます黒の鉢巻。
wizardRod,ウィザードロッド,,epic,旧装備,,,rightHand,staff,0,0,0,0,,,,,熟練の魔導士が用いる杖。狙った一点を穿つ炎弾を放てる。
flameStaff,フレイムスタッフ,,epic,旧装備,,,rightHand,staff,0,0,0,0,,,,,紅蓮の魔力を宿した杖。振るうと全体に炎の波動が広がる。
classroomRecorder,教室のリコーダー,,uncommon,現行,,,rightHand,instrument,0,10,0,0,"{""dex"":3}",,,,どこの教室にもある、あのリコーダー。魔奏士が吹けば音が刃に変わる。器用さがそのまま威力になる。
luminaStaff,月白杖ルミナ,,rare,旧装備,,,rightHand,staff,0,12,0,8,,"{""healingPowerPercent"":0.07}",,,月光を束ねた白銀の杖。
fangClaw,鋼爪ファング,,uncommon,旧装備,,,rightHand,martial,8,0,0,0,,"{""criticalRateBonus"":0.02}",,,鋭く研がれた鋼の爪。速い連撃に適する。
kurogane_sword,黒鉄剣クロウ,,uncommon,旧装備,,,rightHand,sword,10,0,0,0,,,,,黒鉄を鍛え上げた重厚な剣。力任せの一撃に応える。
fenrirSword,黒狼剣フェンリル,,rare,旧装備,,,rightHand,sword,20,0,0,0,,,,,黒狼の牙を鍛え込んだ大剣。
ignisStaff,獄炎杖イグニス,,rare,旧装備,,,rightHand,staff,0,20,0,0,,,,,獄炎を封じた深紅の杖。
celesStaff,聖杖セレス,,uncommon,旧装備,,,rightHand,staff,0,6,0,4,,"{""healingPowerPercent"":0.05}",,,祈りを束ねる白木の杖。
phantomSword,青影の剣,,common,現行,,,rightHand,sword,5,0,0,0,,,,,青い残光を引く怪盗の細身剣。
silentRecorder,静寂のリコーダー,,rare,旧装備,,,rightHand,instrument,0,20,0,6,,"{""criticalRateBonus"":0.03}",,,沈黙の楽殿で拾った音の出ないリコーダー。吹くと聴こえない旋律が敵を裂く。
sunStaff,太陽の杖,,epic,旧装備,,,rightHand,staff,0,0,0,0,,,,,太陽そのものを封じたような杖。振るうだけで敵を圧倒する光と熱を放つ。
ironClaw,鉄の爪,,common,現行,,,rightHand,martial,4,0,0,0,"{""agi"":2}",,,,拳に装着する鋼の爪。素早い連撃に適する。
runeFlameStaff,緋炎杖ルーン,,uncommon,旧装備,,,rightHand,staff,0,10,0,0,,,,,緋色の炎を宿す魔導の杖。
mageStaff,魔導士の杖,,common,現行,,,rightHand,staff,0,4,0,0,,,,,青い魔力を導く魔導士の基本杖。
yashaClaw,夜叉爪アギト,,rare,旧装備,,,rightHand,martial,17,0,0,0,,"{""criticalRateBonus"":0.03}",,,夜叉の名を持つ漆黒の爪。
guardianAegis,反奏の白盾,3,rare,現行,,,rightHand,shield,0,0,18,15,,,,,セリペスの砕けた光から再構成された白銀の盾。守護士が右手武器として扱う。
forge_d1_accessory,青燐の護符,2,uncommon,現行,dungeon1,workshop,accessory,,0,0,0,0,"{""luk"":2}",,,,D1工房規格。運に寄せた装備。
forge_d1_arms,影縫いの手甲,2,uncommon,現行,dungeon1,workshop,arms,,0,0,2,0,"{""str"":2,""dex"":2}",,,,D1工房規格。力と器用さに寄せた装備。
forge_d1_body,夜路の外套,2,uncommon,現行,dungeon1,workshop,body,,0,0,9,0,"{""maxHp"":4}",,,,D1工房規格。物理防御に寄せた装備。
forge_d1_feet,月踏みの靴,2,uncommon,現行,dungeon1,workshop,feet,,0,0,2,2,"{""agi"":2}",,,,D1工房規格。素早さに寄せた装備。
forge_d1_head,宵鉄の面頬,2,uncommon,現行,dungeon1,workshop,head,,0,0,0,7,"{""maxMp"":6}",,,,D1工房規格。魔法防御とMPに寄せた装備。
forge_d1_leftHand,黒鉄の小盾,2,uncommon,現行,dungeon1,workshop,leftHand,,0,0,9,2,,,,,D1工房規格。物理防御に寄せた装備。
forge_d1_sword,黒鉄剣グレイヴ,2,uncommon,現行,dungeon1,workshop,rightHand,sword,11,0,0,0,,,,,D1工房規格。基本能力を変えず、武器攻撃力だけを高める。
forge_d1_staff,青燐杖ルーメン,2,uncommon,現行,dungeon1,workshop,rightHand,staff,0,12,0,0,,,,,D1工房規格。基本能力を変えず、術式出力だけを高める。
forge_d1_martial,鉄牙拳ヴァイス,2,uncommon,現行,dungeon1,workshop,rightHand,martial,11,0,0,0,,,,,D1工房規格。基本能力を変えず、武器攻撃力だけを高める。
slimeRing,スライムリング,4,epic,現行,dungeon1,dropOnly,accessory,,0,0,0,0,"{""luk"":4,""mnd"":2}",,,,シャドウスライムの怪異性が凝固した一点物。基本能力まで引き上げる、工房では再現できない遺装。
archive_reward_d1,宵盗の蒼章,4,epic,現行,dungeon1,collection,accessory,,0,0,0,16,"{""dex"":4,""luk"":4}",,,,DUNGEON 1の怪異遺装をすべて盗み取った証。
goblinGloves,ゴブリングローブ,4,epic,現行,dungeon1,dropOnly,arms,,12,0,5,0,"{""str"":4,""dex"":4}",,,,ゴブリンの怪異性が凝固した一点物。基本能力まで引き上げる、工房では再現できない遺装。
ghostBoneReliquary,魔骸手《ゴーストボーン》,4,epic,現行,dungeon1,dropOnly,arms,,12,0,5,0,"{""str"":4,""dex"":4}",,,,ゴーストボーンの怪異性が凝固した一点物。基本能力まで引き上げる、工房では再現できない遺装。
soulRobe,ソルローブ,4,epic,現行,dungeon1,dropOnly,body,,0,0,19,0,"{""vit"":4,""maxHp"":8}",,,,ソルメイジの怪異性が凝固した一点物。基本能力まで引き上げる、工房では再現できない遺装。
ratBoots,ラットブーツ,4,epic,現行,dungeon1,dropOnly,feet,,0,0,6,6,"{""agi"":4,""dex"":2}",,,,盗鼠の怪異性が凝固した一点物。基本能力まで引き上げる、工房では再現できない遺装。
nightHat,ナイトハット,4,epic,現行,dungeon1,dropOnly,head,,0,0,0,19,"{""mnd"":4,""dex"":2}",,,,ナイトバットの怪異性が凝固した一点物。基本能力まで引き上げる、工房では再現できない遺装。
shadowWand,シャドウワンド,4,epic,現行,dungeon1,dropOnly,rightHand,staff,0,35,0,0,"{""mag"":4,""dex"":2}",,,,シャドウスライムの怪異性が凝固した一点物。基本能力まで引き上げる、工房では再現できない遺装。
maestri_baton,七奏のタクト,5,legendary,現行,dungeon1,boss,accessory,,0,0,0,0,"{""dex"":7,""mag"":5,""maxMp"":8}",,zenacad,,七つの音を束ねる者の証。正体不明の旋律が微かに脈打つ。
maestro_gloves,指揮者の白手袋,5,legendary,現行,dungeon1,boss,arms,,0,0,0,0,"{""dex"":9,""mag"":5}",,zenacad,,精緻な魔法制御を可能にする、指揮者の白手袋。
soloist_coat,独奏卿の燕尾服,5,legendary,現行,dungeon1,boss,body,,0,0,15,20,"{""maxHp"":12,""maxMp"":10,""dex"":5,""mag"":4}",,zenacad,,黒・紫・金で仕立てられた独奏卿の燕尾服。魔力と精神を守る。
finale_boots,終演の革靴,5,legendary,現行,dungeon1,boss,feet,,0,0,0,0,"{""dex"":8,""agi"":6}",,zenacad,,終演まで歩みを止めない、高速連続行動のための革靴。
soloist_mask,独奏卿の仮面,5,legendary,現行,dungeon1,boss,head,,0,0,0,0,"{""dex"":7,""mag"":4,""mnd"":2}",,zenacad,,ゼナカドが身につけていた、片眼を覆う妖艶な仮面。
cadenza_staff,魔杖カデンツァ,5,legendary,現行,dungeon1,boss,rightHand,staff,0,46,0,0,"{""dex"":9,""mag"":6,""maxMp"":6}",,zenacad,,独奏卿ゼナカドが振るった魔導指揮杖。杖が描く軌跡に魔力が追従し、ひとりの術者を楽団へと変える。
echoPendant,残響のペンダント,,epic,旧装備,dungeon2,,accessory,,0,0,0,0,,,,,失われた旋律の残響を封じ込めたペンダント。最大MPと魔力を高める。
abyssGloves,魔蝕のグローブ,,epic,旧装備,dungeon2,,arms,,0,0,0,0,,,,,魔力を帯びた素材で作られた手袋。武器と魔法、双方の制御を補助する。
abyssCoat,深域の外套,,epic,旧装備,dungeon2,,body,,0,0,0,0,,,,,深域を漂う魔力から仕立てられた黒衣。見た目以上に強固な魔力障壁を持つ。
nightwalkerBoots,夜渡りのブーツ,,epic,旧装備,dungeon2,,feet,,0,0,0,0,,,,,深域を音もなく歩くための軽装靴。身につけた者の足取りを闇へ溶かす。
silentHood,静寂のフード,,epic,旧装備,dungeon2,,head,,0,0,0,0,,,,,深域の魔力を織り込んだ頭装備。周囲の雑音を遮断し、術者の集中力を高める。
lunaEdge,月影剣ルナエッジ,,epic,旧装備,dungeon2,,rightHand,sword,0,0,0,0,,,,,深域に沈む月影鉱から鍛えられた刃。暗闇の中で淡い月光を宿す。
forge_d2_accessory,無音の耳飾り,2,uncommon,現行,dungeon2,workshop,accessory,,0,0,0,0,"{""luk"":3}",,,,D2工房規格。運に寄せた装備。
forge_d2_arms,沈黙の篭手,2,uncommon,現行,dungeon2,workshop,arms,,0,0,4,0,"{""str"":4,""dex"":3}",,,,D2工房規格。力と器用さに寄せた装備。
forge_d2_body,残響なき礼装,2,uncommon,現行,dungeon2,workshop,body,,0,0,16,0,"{""maxHp"":7}",,,,D2工房規格。物理防御に寄せた装備。
forge_d2_feet,消音の戦靴,2,uncommon,現行,dungeon2,workshop,feet,,0,0,4,4,"{""agi"":4}",,,,D2工房規格。素早さに寄せた装備。
forge_d2_head,無響の仮面,2,uncommon,現行,dungeon2,workshop,head,,0,0,0,12,"{""maxMp"":10}",,,,D2工房規格。魔法防御とMPに寄せた装備。
forge_d2_leftHand,静寂の円盾,2,uncommon,現行,dungeon2,workshop,leftHand,,0,0,16,4,,,,,D2工房規格。物理防御に寄せた装備。
forge_d2_sword,静音剣サイレン,2,uncommon,現行,dungeon2,workshop,rightHand,sword,19,0,0,0,,,,,D2工房規格。基本能力を変えず、武器攻撃力だけを高める。
forge_d2_staff,静謐杖エコー,2,uncommon,現行,dungeon2,workshop,rightHand,staff,0,20,0,0,,,,,D2工房規格。基本能力を変えず、術式出力だけを高める。
forge_d2_instrument,沈黙の調律笛,2,uncommon,現行,dungeon2,workshop,rightHand,instrument,0,20,0,0,,,,,D2工房規格。基本能力を変えず、術式出力だけを高める。
forge_d2_martial,無響拳サイファ,2,uncommon,現行,dungeon2,workshop,rightHand,martial,19,0,0,0,,,,,D2工房規格。基本能力を変えず、武器攻撃力だけを高める。
forge_d2e_accessory,鎮魂のペンダント,3,rare,現行,dungeon2,workshop,accessory,,0,0,0,0,"{""luk"":4}",,,,D2工房規格。運に寄せた装備。
forge_d2e_arms,葬律の手甲,3,rare,現行,dungeon2,workshop,arms,,0,0,6,0,"{""str"":6,""dex"":4}",,,,D2工房規格。力と器用さに寄せた装備。
forge_d2e_body,冥奏の黒衣,3,rare,現行,dungeon2,workshop,body,,0,0,24,0,"{""maxHp"":10}",,,,D2工房規格。物理防御に寄せた装備。
forge_d2e_feet,夜想の舞踏靴,3,rare,現行,dungeon2,workshop,feet,,0,0,6,6,"{""agi"":6}",,,,D2工房規格。素早さに寄せた装備。
forge_d2e_head,夜奏の冠,3,rare,現行,dungeon2,workshop,head,,0,0,0,18,"{""maxMp"":15}",,,,D2工房規格。魔法防御とMPに寄せた装備。
forge_d2e_leftHand,月蝕の鏡盾,3,rare,現行,dungeon2,workshop,leftHand,,0,0,24,6,,,,,D2工房規格。物理防御に寄せた装備。
forge_d2e_sword,月蝕剣ノクターン,3,rare,現行,dungeon2,workshop,rightHand,sword,27,0,0,0,,,,,D2工房規格。基本能力を変えず、武器攻撃力だけを高める。
forge_d2e_staff,冥奏杖レクイエム,3,rare,現行,dungeon2,workshop,rightHand,staff,0,29,0,0,,,,,D2工房規格。基本能力を変えず、術式出力だけを高める。
forge_d2e_instrument,夜想楽器ノクテュルヌ,3,rare,現行,dungeon2,workshop,rightHand,instrument,0,29,0,0,,,,,D2工房規格。基本能力を変えず、術式出力だけを高める。
forge_d2e_martial,羅刹爪テンペスト,3,rare,現行,dungeon2,workshop,rightHand,martial,27,0,0,0,,,,,D2工房規格。基本能力を変えず、武器攻撃力だけを高める。
monster_relic_voidVioloncello,怪異核《ヴォイド・チェロ》,4,epic,現行,dungeon2,dropOnly,accessory,,0,0,0,0,"{""luk"":6,""mnd"":4}",,,,ヴォイド・チェロの怪異性が凝固した一点物。基本能力まで引き上げる、工房では再現できない遺装。
monster_relic_muteGargoyle,怪異核《ムート・ガーゴイル》,4,epic,現行,dungeon2,dropOnly,accessory,,0,0,0,0,"{""luk"":6,""mnd"":4}",,,,ムート・ガーゴイルの怪異性が凝固した一点物。基本能力まで引き上げる、工房では再現できない遺装。
archive_reward_d2,静夜を破る黒章,4,epic,現行,dungeon2,collection,accessory,,0,0,0,20,"{""agi"":7,""str"":5}",,,,DUNGEON 2の怪異遺装をすべて盗み取った証。
monster_relic_silentHarmonist,魔骸手《サイレント・ハーモニスト》,4,epic,現行,dungeon2,dropOnly,arms,,17,0,7,0,"{""str"":6,""dex"":6}",,,,サイレント・ハーモニストの怪異性が凝固した一点物。基本能力まで引き上げる、工房では再現できない遺装。
monster_relic_shatteredDiva,魔骸手《シャッタード・ディーヴァ》,4,epic,現行,dungeon2,dropOnly,arms,,17,0,7,0,"{""str"":6,""dex"":6}",,,,シャッタード・ディーヴァの怪異性が凝固した一点物。基本能力まで引き上げる、工房では再現できない遺装。
monster_relic_fadingChorister,魔骸手《フェイド・クワイア》,4,epic,現行,dungeon2,dropOnly,arms,,17,0,7,0,"{""str"":6,""dex"":6}",,,,フェイド・クワイアの怪異性が凝固した一点物。基本能力まで引き上げる、工房では再現できない遺装。
monster_relic_chimeImp,怪装《チャイム・インプ》,4,epic,現行,dungeon2,dropOnly,body,,0,0,26,0,"{""vit"":6,""maxHp"":16}",,,,チャイム・インプの怪異性が凝固した一点物。基本能力まで引き上げる、工房では再現できない遺装。
monster_relic_requiemKnight,怪装《レクイエム・ナイト》,4,epic,現行,dungeon2,dropOnly,body,,0,0,26,0,"{""vit"":6,""maxHp"":16}",,,,レクイエム・ナイトの怪異性が凝固した一点物。基本能力まで引き上げる、工房では再現できない遺装。
monster_relic_echoWraith,夜渡靴《エコー・レイス》,4,epic,現行,dungeon2,dropOnly,feet,,0,0,8,8,"{""agi"":6,""dex"":4}",,,,エコー・レイスの怪異性が凝固した一点物。基本能力まで引き上げる、工房では再現できない遺装。
monster_relic_silenceWarden,夜渡靴《サイレンス・ウォーデン》,4,epic,現行,dungeon2,dropOnly,feet,,0,0,8,8,"{""agi"":6,""dex"":4}",,,,サイレンス・ウォーデンの怪異性が凝固した一点物。基本能力まで引き上げる、工房では再現できない遺装。
monster_relic_mutedHound,夜渡靴《ミュート・ハウンド》,4,epic,現行,dungeon2,dropOnly,feet,,0,0,8,8,"{""agi"":6,""dex"":4}",,,,ミュート・ハウンドの怪異性が凝固した一点物。基本能力まで引き上げる、工房では再現できない遺装。
monster_relic_stoneChoir,異貌《ストーン・クワイア》,4,epic,現行,dungeon2,dropOnly,head,,0,0,0,26,"{""mnd"":6,""dex"":4}",,,,ストーン・クワイアの怪異性が凝固した一点物。基本能力まで引き上げる、工房では再現できない遺装。
monster_relic_hushMoth,異貌《ハッシュ・モス》,4,epic,現行,dungeon2,dropOnly,head,,0,0,0,26,"{""mnd"":6,""dex"":4}",,,,ハッシュ・モスの怪異性が凝固した一点物。基本能力まで引き上げる、工房では再現できない遺装。
monster_relic_silentKnight,怪異剣《サイレント・ナイト》,4,epic,現行,dungeon2,dropOnly,rightHand,sword,46,0,0,0,"{""str"":6,""dex"":4}",,,,サイレント・ナイトの怪異性が凝固した一点物。基本能力まで引き上げる、工房では再現できない遺装。
monster_relic_noiselessLancer,怪異剣《ノイズレス・ランサー》,4,epic,現行,dungeon2,dropOnly,rightHand,sword,46,0,0,0,"{""str"":6,""dex"":4}",,,,ノイズレス・ランサーの怪異性が凝固した一点物。基本能力まで引き上げる、工房では再現できない遺装。
monster_relic_nocturneChandelier,禁奏器《ノクターン・シャンデリア》,4,epic,現行,dungeon2,dropOnly,rightHand,instrument,0,47,0,0,"{""dex"":6,""mag"":4}",,,,ノクターン・シャンデリアの怪異性が凝固した一点物。基本能力まで引き上げる、工房では再現できない遺装。
monster_relic_pallidConductor,禁奏器《ペイルド・コンダクター》,4,epic,現行,dungeon2,dropOnly,rightHand,instrument,0,47,0,0,"{""dex"":6,""mag"":4}",,,,ペイルド・コンダクターの怪異性が凝固した一点物。基本能力まで引き上げる、工房では再現できない遺装。
monster_relic_grimMetronome,秘杖《グリム・メトロノーム》,4,epic,現行,dungeon2,dropOnly,rightHand,staff,0,47,0,0,"{""mag"":6,""dex"":4}",,,,グリム・メトロノームの怪異性が凝固した一点物。基本能力まで引き上げる、工房では再現できない遺装。
monster_relic_reverbSlime,秘杖《リバーブ・スライム》,4,epic,現行,dungeon2,dropOnly,rightHand,staff,0,47,0,0,"{""mag"":6,""dex"":4}",,,,リバーブ・スライムの怪異性が凝固した一点物。基本能力まで引き上げる、工房では再現できない遺装。
monster_relic_whisperVeil,魔装拳《ウィスパー・ヴェイル》,4,epic,現行,dungeon2,dropOnly,rightHand,martial,46,0,0,0,"{""agi"":6,""str"":4}",,,,ウィスパー・ヴェイルの怪異性が凝固した一点物。基本能力まで引き上げる、工房では再現できない遺装。
monster_relic_nocturneBanshee,魔装拳《ノクターン・バンシー》,4,epic,現行,dungeon2,dropOnly,rightHand,martial,46,0,0,0,"{""agi"":6,""str"":4}",,,,ノクターン・バンシーの怪異性が凝固した一点物。基本能力まで引き上げる、工房では再現できない遺装。
myrthi_metro,第二奏のメトロノーム,5,legendary,現行,dungeon2,boss,accessory,,0,0,0,0,"{""agi"":6,""critBonus"":0.05}",,myrthi,,正確なリズムを刻み続けるメトロノーム。着けた者のあらゆる動作を研ぎ澄ます。
myrthi_bangle,拍動のバングル,5,legendary,現行,dungeon2,boss,arms,,0,0,0,0,"{""str"":10,""agi"":4}",,myrthi,,リズムを刻むように脈打つバングル。攻撃の勢いを増幅する。
myrthi_coat,黒紅の戦舞装,5,legendary,現行,dungeon2,boss,body,,0,0,0,0,"{""maxHp"":20,""vit"":8,""agi"":5}",,myrthi,,動きを一切阻まない、戦場を舞台とした戦姫の戦闘衣。
myrthi_boots,加速の舞踏靴,5,legendary,現行,dungeon2,boss,feet,,0,0,0,0,"{""agi"":12,""dex"":4}",,myrthi,,ミルティが超高速で踏み込む際の舞踏靴。限界を超えた機動力を秘める。
myrthi_headband,律動の髪飾り,5,legendary,現行,dungeon2,boss,head,,0,0,0,0,"{""agi"":8,""critBonus"":0.04}",,myrthi,,ミルティが舞う際に軽やかに揺れる漆黒の髪飾り。素早さとクリティカルを高める。
myrthi_blade_noctis,黒紅双刃・影牙,5,legendary,現行,dungeon2,boss,leftHand,martial,45,0,0,0,"{""str"":7,""agi"":10}",,myrthi,,赫牙と対を成す左の黒刃。双刃士が左手へ装備した時、黒紅の軌跡が完成する。
myrthi_blade,黒紅双刃・赫牙,5,legendary,現行,dungeon2,boss,rightHand,martial,48,0,0,0,"{""str"":9,""agi"":8}",,myrthi,,ミルティが舞い踊るように振るう漆黒と深紅の双刃。武道家・双刃士が装備できる。
voidRing,虚無の指輪,,epic,旧装備,dungeon3,,accessory,,4,4,4,4,,,,,虚無の精髄を封じ、攻防とHP・MPを補う指輪。
phantomGauntlet,幻影拳甲,,epic,旧装備,dungeon3,,arms,,8,0,5,0,,"{""criticalRateBonus"":0.02}",,,幻影核の力が宿る拳甲。攻撃力と俊敏を高める。
abyssalArmor,深淵の鎧,,epic,旧装備,dungeon3,,body,,0,0,23,10,,"{""physicalDamageReductionPercent"":0.03}",,,深淵鉄鉱を用いた最高位の鎧。強靭な防御力を誇る。
voidHelm,虚空の兜,,epic,旧装備,dungeon3,,head,,0,0,9,8,,,,,崩界の深廊の素材で鍛えた兜。精神と防御を高める。
fortressCharm,核石のお守り,3,rare,旧装備,dungeon3,,accessory,,0,0,5,5,,"{""physicalDamageReductionPercent"":0.02}",,warrior|guardian,小さな城塞核石を金具へ収めた防護のお守り。
forge_d3_accessory,混沌核カオス,3,rare,現行,dungeon3,workshop,accessory,,0,0,0,0,"{""luk"":5}",,,,D3工房規格。運に寄せた装備。
voidweaveCharm,聖堂歯車の護符,3,rare,旧装備,dungeon3,,accessory,,0,5,0,5,,"{""magicDamagePercent"":0.03,""healingPowerPercent"":0.05}",,mage|priest|magicKnight,虚無錬成師の歯車を虚紡糸で留めた術式護符。
forge_d3e_accessory,輪廻環ウロボロス,3,rare,現行,dungeon3,workshop,accessory,,0,0,0,0,"{""luk"":6}",,,,D3工房規格。運に寄せた装備。
riftCharm,裂爪のお守り,3,rare,旧装備,dungeon3,,accessory,,4,0,0,0,,"{""criticalRateBonus"":0.02}",,martialArtist|dualBlade,小さな裂界爪と幻影核を結んだ攻撃用のお守り。
voidweaveGloves,虚紡の手袋,3,rare,旧装備,dungeon3,,arms,,0,7,0,6,,"{""healingPowerPercent"":0.04}",,mage|priest|magicKnight,聖堂歯車の細片を指先へ縫い込んだ手袋。
forge_d3_arms,幻壊手ヴォイド,3,rare,現行,dungeon3,workshop,arms,,0,0,7,0,"{""str"":7,""dex"":6}",,,,D3工房規格。力と器用さに寄せた装備。
fortressGloves,城塞の手甲,3,rare,旧装備,dungeon3,,arms,,5,0,7,0,,,,warrior|guardian,重い武器と盾を支えるための核石入り手甲。
forge_d3e_arms,滅界手ラグナ,3,rare,現行,dungeon3,workshop,arms,,0,0,9,0,"{""str"":9,""dex"":7}",,,,D3工房規格。力と器用さに寄せた装備。
riftGuards,裂界の手甲,3,rare,旧装備,dungeon3,,arms,,7,0,4,0,,"{""criticalRateBonus"":0.02}",,martialArtist|dualBlade,鎖葬の刈手の爪を手の甲へ沿わせた防具。
voidweaveRobe,虚紡のローブ,3,rare,旧装備,dungeon3,,body,,0,10,6,16,,,,mage|priest|magicKnight,虚紡糸を重ね、魔力を通しやすくしたローブ。
forge_d3e_body,終焉衣アポカリプス,3,rare,現行,dungeon3,workshop,body,,0,0,37,0,"{""maxHp"":15}",,,,D3工房規格。物理防御に寄せた装備。
fortressCoat,城塞の外套,3,rare,旧装備,dungeon3,,body,,0,0,22,10,,"{""physicalDamageReductionPercent"":0.03}",,warrior|guardian,城塞核石の小片を深淵鉄の布へ縫い込んだ外套。
forge_d3_body,深淵装アビサル,3,rare,現行,dungeon3,workshop,body,,0,0,31,0,"{""maxHp"":13}",,,,D3工房規格。物理防御に寄せた装備。
riftVest,裂界の胴着,3,rare,旧装備,dungeon3,,body,,10,0,11,4,,,,martialArtist|dualBlade,裂界爪の繊維と虚空片を編んだ軽い胴着。
voidweaveBoots,虚紡の靴,3,rare,旧装備,dungeon3,,feet,,0,0,5,8,,,,mage|priest|magicKnight,虚紡糸の魔力回路で術者の足元を守る靴。
fortressBoots,城塞の脚甲,3,rare,旧装備,dungeon3,,feet,,0,0,12,4,,,,warrior|guardian,侵城ゴーレムの外殻を再利用した脚甲。
forge_d3e_feet,星葬靴エンドロール,3,rare,現行,dungeon3,workshop,feet,,0,0,9,9,"{""agi"":10}",,,,D3工房規格。素早さに寄せた装備。
forge_d3_feet,断空靴ゼロ,3,rare,現行,dungeon3,workshop,feet,,0,0,7,7,"{""agi"":8}",,,,D3工房規格。素早さに寄せた装備。
riftBoots,裂界の脚甲,3,rare,旧装備,dungeon3,,feet,,3,0,7,4,,"{""criticalRateBonus"":0.01}",,martialArtist|dualBlade,虚空片を薄く重ね、踏み込みを妨げない脚甲。
forge_d3_head,虚星冠アストラ,3,rare,現行,dungeon3,workshop,head,,0,0,0,24,"{""maxMp"":20}",,,,D3工房規格。魔法防御とMPに寄せた装備。
voidweaveHood,虚紡の帽子,3,rare,旧装備,dungeon3,,head,,0,8,0,8,,,,mage|priest|magicKnight,白晶の監視機が残す虚紡糸で編んだ帽子。
fortressHelm,城塞の兜,3,rare,旧装備,dungeon3,,head,,0,0,10,5,,,,warrior|guardian,侵城ゴーレムの核石を額へ重ねた兜。
forge_d3e_head,崩天冠カタストロフ,3,rare,現行,dungeon3,workshop,head,,0,0,0,29,"{""maxMp"":24}",,,,D3工房規格。魔法防御とMPに寄せた装備。
riftBand,裂界の鉢巻,3,rare,旧装備,dungeon3,,head,,5,0,5,0,,"{""criticalRateBonus"":0.01}",,martialArtist|dualBlade,裂界爪の粉を染み込ませた丈夫な鉢巻。
forge_d3_leftHand,虚界障壁イージス,3,rare,現行,dungeon3,workshop,leftHand,,0,0,31,7,,,,,D3工房規格。物理防御に寄せた装備。
forge_d3e_leftHand,終界盾ラストウォール,3,rare,現行,dungeon3,workshop,leftHand,,0,0,37,9,,,,,D3工房規格。物理防御に寄せた装備。
forge_d3_sword,虚界剣アビスレイ,3,rare,現行,dungeon3,workshop,rightHand,sword,36,0,0,0,,,,,D3工房規格。基本能力を変えず、武器攻撃力だけを高める。
voidBlade,虚空の剣,3,rare,旧装備,dungeon3,,rightHand,sword,28,0,0,0,,"{""criticalRateBonus"":0.04}",,,裂界の虚無を刃へ定着させたD3工房剣。
forge_d3_martial,虚獣拳ネメシス,3,rare,現行,dungeon3,workshop,rightHand,martial,36,0,0,0,,,,,D3工房規格。基本能力を変えず、武器攻撃力だけを高める。
forge_d3_instrument,虚奏器ヴォイドハープ,3,rare,現行,dungeon3,workshop,rightHand,instrument,0,39,0,0,,,,,D3工房規格。基本能力を変えず、術式出力だけを高める。
forge_d3_staff,虚天杖オブリビオン,3,rare,現行,dungeon3,workshop,rightHand,staff,0,39,0,0,,,,,D3工房規格。基本能力を変えず、術式出力だけを高める。
d3MageStaff,虚紡の杖,3,rare,旧装備,dungeon3,,rightHand,staff,0,34,0,0,,"{""magicDamagePercent"":0.05}",,mage,白晶の監視機から採れた虚紡糸を芯へ巻いた魔導杖。
chaosRod,混沌の杖,3,rare,旧装備,dungeon3,,rightHand,staff,0,30,0,0,,"{""magicDamagePercent"":0.03}",,,混沌の粉塵を魔力へ変換するD3工房杖。
forge_d3e_staff,終界杖アポカリプス,3,rare,現行,dungeon3,workshop,rightHand,staff,0,44,0,0,,,,,D3工房規格。基本能力を変えず、術式出力だけを高める。
forge_d3e_instrument,終焉楽章アルマゲドン,3,rare,現行,dungeon3,workshop,rightHand,instrument,0,44,0,0,,,,,D3工房規格。基本能力を変えず、術式出力だけを高める。
d3WarriorBlade,城塞鉄の剣,3,rare,旧装備,dungeon3,,rightHand,sword,32,0,0,0,,"{""physicalDamagePercent"":0.06}",,warrior,侵城ゴーレムの城塞核石を深淵鉄で挟んだ、重く堅実な剣。
d3PriestStaff,聖堂歯車の杖,3,rare,旧装備,dungeon3,,rightHand,staff,0,25,0,14,,"{""healingPowerPercent"":0.15}",,priest,虚無錬成師の聖堂歯車を組み込み、祈りを安定させる杖。
forge_d3e_sword,断界剣エクリプス,3,rare,現行,dungeon3,workshop,rightHand,sword,41,0,0,0,,,,,D3工房規格。基本能力を変えず、武器攻撃力だけを高める。
forge_d3e_martial,崩星拳ラグナロク,3,rare,現行,dungeon3,workshop,rightHand,martial,41,0,0,0,,,,,D3工房規格。基本能力を変えず、武器攻撃力だけを高める。
d3TwinRight,裂界の双刃・右,3,rare,旧装備,dungeon3,,rightHand,martial,22,0,0,0,,"{""criticalRateBonus"":0.02}",,dualBlade,裂界爪を細身の刃へ鍛えた右手用の双刃。
d3TwinLeft,裂界の双刃・左,3,rare,旧装備,dungeon3,,rightHand,martial,18,0,0,0,,"{""criticalRateBonus"":0.01}",,dualBlade,右手用と重さを合わせた、左手専用の双刃。
d3MartialClaw,裂界の爪,3,rare,旧装備,dungeon3,,rightHand,martial,24,0,0,0,,"{""criticalRateBonus"":0.02}",,martialArtist,鎖葬の刈手が落とす裂界爪を研いだ、軽量の戦爪。
monster_relic_fortressGolem,怪異核《侵城ゴーレム》,4,epic,現行,dungeon3,dropOnly,accessory,,0,0,0,0,"{""luk"":8,""mnd"":6}",,,,侵城ゴーレムの怪異性が凝固した一点物。基本能力まで引き上げる、工房では再現できない遺装。
monster_relic_abyssalKnight,怪異核《深淵の騎士》,4,epic,現行,dungeon3,dropOnly,accessory,,0,0,0,0,"{""luk"":8,""mnd"":6}",,,,深淵の騎士の怪異性が凝固した一点物。基本能力まで引き上げる、工房では再現できない遺装。
archive_reward_d3,崩界踏破の星環,4,epic,現行,dungeon3,collection,accessory,,0,0,0,24,"{""mag"":8,""mnd"":8,""luk"":5}",,,,DUNGEON 3の怪異遺装をすべて盗み取った証。
monster_relic_arcaneChanter,魔骸手《秘儀の詠唱兵》,4,epic,現行,dungeon3,dropOnly,arms,,21,0,9,0,"{""str"":8,""dex"":8}",,,,秘儀の詠唱兵の怪異性が凝固した一点物。基本能力まで引き上げる、工房では再現できない遺装。
monster_relic_gildedHoarder,怪装《黄金喰らい》,4,epic,現行,dungeon3,dropOnly,body,,0,0,33,0,"{""vit"":8,""maxHp"":24}",,,,黄金喰らいの怪異性が凝固した一点物。基本能力まで引き上げる、工房では再現できない遺装。
monster_relic_ironChanter,怪装《鉄壁の詠唱兵》,4,epic,現行,dungeon3,dropOnly,body,,0,0,33,0,"{""vit"":8,""maxHp"":24}",,,,鉄壁の詠唱兵の怪異性が凝固した一点物。基本能力まで引き上げる、工房では再現できない遺装。
monster_relic_voidWatcher,夜渡靴《虚空の監視者》,4,epic,現行,dungeon3,dropOnly,feet,,0,0,10,10,"{""agi"":8,""dex"":6}",,,,虚空の監視者の怪異性が凝固した一点物。基本能力まで引き上げる、工房では再現できない遺装。
monster_relic_riftAssailant,夜渡靴《裂界の強襲者》,4,epic,現行,dungeon3,dropOnly,feet,,0,0,10,10,"{""agi"":8,""dex"":6}",,,,裂界の強襲者の怪異性が凝固した一点物。基本能力まで引き上げる、工房では再現できない遺装。
monster_relic_merox,異貌《メロクス》,4,epic,現行,dungeon3,dropOnly,head,,0,0,0,33,"{""mnd"":8,""dex"":6}",,,,メロクスの怪異性が凝固した一点物。基本能力まで引き上げる、工房では再現できない遺装。
monster_relic_voidCantor,異貌《虚空の聖唱者》,4,epic,現行,dungeon3,dropOnly,head,,0,0,0,33,"{""mnd"":8,""dex"":6}",,,,虚空の聖唱者の怪異性が凝固した一点物。基本能力まで引き上げる、工房では再現できない遺装。
parentGiftGuitar,《親に買ってもらったギター》,4,epic,現行,dungeon3,,rightHand,instrument,0,0,0,0,"{""dex"":10,""mag"":5,""critBonus"":0.04}",,,,昔、親に買ってもらったギター。少し変わった形をしているが、最初に触れた「音」は今でも重い。
monster_relic_voidGargoyle,怪異剣《虚空ガーゴイル》,4,epic,現行,dungeon3,dropOnly,rightHand,sword,58,0,0,0,"{""str"":8,""dex"":6}",,,,虚空ガーゴイルの怪異性が凝固した一点物。基本能力まで引き上げる、工房では再現できない遺装。
monster_relic_chainReaper,怪異剣《鎖葬の刈手》,4,epic,現行,dungeon3,dropOnly,rightHand,sword,58,0,0,0,"{""str"":8,""dex"":6}",,,,鎖葬の刈手の怪異性が凝固した一点物。基本能力まで引き上げる、工房では再現できない遺装。
monster_relic_chaosWitch,禁奏器《カオス・ウィッチ》,4,epic,現行,dungeon3,dropOnly,rightHand,instrument,0,59,0,0,"{""dex"":8,""mag"":6}",,,,カオス・ウィッチの怪異性が凝固した一点物。基本能力まで引き上げる、工房では再現できない遺装。
monster_relic_prismSentinel,禁奏器《白晶の監視機》,4,epic,現行,dungeon3,dropOnly,rightHand,instrument,0,59,0,0,"{""dex"":8,""mag"":6}",,,,白晶の監視機の怪異性が凝固した一点物。基本能力まで引き上げる、工房では再現できない遺装。
d3GuardianAegis,城塞核の盾,4,epic,旧装備,dungeon3,,rightHand,shield,0,0,42,38,,"{""magicDamageReductionPercent"":0.08,""physicalDamageReductionPercent"":0.06,""resonanceGainPercent"":0.25}",,guardian,城塞核石を強欲の金核で圧着した、守護士向けの大型盾。
d3MaestroInstrument,星銀の弦琴,4,epic,旧装備,dungeon3,,rightHand,instrument,0,36,0,0,,"{""criticalRateBonus"":0.03,""magicDamagePercent"":0.03}",,magicKnight,メロクスの星銀水と聖堂歯車で調律した、工房製の弦楽器。
monster_relic_voidAlchemist,秘杖《虚無錬成師》,4,epic,現行,dungeon3,dropOnly,rightHand,staff,0,59,0,0,"{""mag"":8,""dex"":6}",,,,虚無錬成師の怪異性が凝固した一点物。基本能力まで引き上げる、工房では再現できない遺装。
monster_relic_phantomEmperor,秘杖《幻影皇》,4,epic,現行,dungeon3,dropOnly,rightHand,staff,0,59,0,0,"{""mag"":8,""dex"":6}",,,,幻影皇の怪異性が凝固した一点物。基本能力まで引き上げる、工房では再現できない遺装。
monster_relic_voidOrchestra,魔装拳《虚無の楽団》,4,epic,現行,dungeon3,dropOnly,rightHand,martial,58,0,0,0,"{""agi"":8,""str"":6}",,,,虚無の楽団の怪異性が凝固した一点物。基本能力まで引き上げる、工房では再現できない遺装。
monster_relic_crimsonBehemoth,魔装拳《深紅城獣》,4,epic,現行,dungeon3,dropOnly,rightHand,martial,58,0,0,0,"{""agi"":8,""str"":6}",,,,深紅城獣の怪異性が凝固した一点物。基本能力まで引き上げる、工房では再現できない遺装。
seripes_sigil,第三奏の白印,5,legendary,現行,dungeon3,boss,accessory,,0,0,0,18,"{""maxHp"":22,""vit"":6,""mnd"":6}",,seripes,guardian|warrior,第三奏卿の反奏を刻む白い紋章。守りの音を反撃へ変える。
seripes_gauntlets,受響の篭手,5,legendary,現行,dungeon3,boss,arms,,0,0,27,21,"{""vit"":7,""str"":5}",,seripes,guardian|warrior,受けた衝撃を盾と拳へ伝える白銀の篭手。
seripes_plate,反奏騎士の聖鎧,5,legendary,現行,dungeon3,boss,body,,0,0,48,40,"{""maxHp"":38,""vit"":9,""mnd"":6}",,seripes,guardian|warrior,衝撃を受け止め、次の反撃へ共鳴させる城塞の聖鎧。
seripes_greaves,城塞の白脚,5,legendary,現行,dungeon3,boss,feet,,0,0,31,25,"{""vit"":6,""mnd"":4}",,seripes,guardian|warrior,いかなる衝撃にも陣形を崩さない白き脚甲。
seripes_crown,不落騎士の白冠,5,legendary,現行,dungeon3,boss,head,,0,0,24,27,"{""vit"":6,""mnd"":5}",,seripes,guardian|warrior,砕けぬ集中を保つ、静かな白銀の冠。
seripes_aegis,聖盾グランド・リプライズ,5,legendary,現行,dungeon3,boss,rightHand,shield,0,0,54,46,"{""vit"":8,""mnd"":6,""maxHp"":18}",,seripes,guardian,第三奏卿の大反奏を宿す白盾。守護士が受けた衝撃を共鳴へ変える。
seripes_blade,白鉄の反奏剣,5,legendary,現行,dungeon3,boss,rightHand,sword,46,0,16,10,"{""str"":6,""vit"":7,""maxHp"":12}","{""physicalDamageReductionPercent"":0.04}",seripes,warrior,セリペスが白盾と共に携えた実直な騎士剣。攻めながら受けの姿勢を崩さない。
